"left.time","right.time","censor","id","year.cap1","year.cap2","year.cap3","left.age","right.age","brood"
142,182,1,"14012-02-2016",0,1,0,2,42,1
182,185,0,"14012-02-2016",0,1,0,42,45,1
142,153,1,"14012-03-2016",0,1,0,2,13,1
153,157,0,"14012-03-2016",0,1,0,13,17,1
142,169,1,"14012-04-2016",0,1,0,2,29,1
169,172,0,"14012-04-2016",0,1,0,29,32,1
11,14,1,"14023-01-2015",1,0,0,3,6,2
14,15,0,"14023-01-2015",1,0,0,6,7,2
11,14,1,"14023-02-2015",1,0,0,3,6,2
14,15,0,"14023-02-2015",1,0,0,6,7,2
11,20,1,"14023-03-2015",1,0,0,3,12,2
11,15,1,"14023-04-2015",1,0,0,3,7,2
15,16,0,"14023-04-2015",1,0,0,7,8,2
44,82,1,"14023-10-2015",1,0,0,36,74,2
8,23,1,"14031-01-2015",1,0,0,2,17,3
8,8,1,"14031-02-2015",1,0,0,2,2,3
8,9,0,"14031-02-2015",1,0,0,2,3,3
8,16,1,"14031-03-2015",1,0,0,2,10,3
16,18,0,"14031-03-2015",1,0,0,10,12,3
8,8,1,"14031-04-2015",1,0,0,2,2,3
8,9,0,"14031-04-2015",1,0,0,2,3,3
11,13,1,"15001-01-2015",1,0,0,4,6,4
13,15,0,"15001-01-2015",1,0,0,6,8,4
11,14,1,"15001-02-2015",1,0,0,4,7,4
14,15,0,"15001-02-2015",1,0,0,7,8,4
32,50,1,"15004-01-2015",1,0,0,2,20,5
32,44,1,"15004-02-2015",1,0,0,2,14,5
44,46,0,"15004-02-2015",1,0,0,14,16,5
32,32,1,"15004-03-2015",1,0,0,2,2,5
32,35,0,"15004-03-2015",1,0,0,2,5,5
32,39,1,"15004-04-2015",1,0,0,2,9,5
56,72,1,"15004-08-2015",1,0,0,26,42,5
72,75,0,"15004-08-2015",1,0,0,42,45,5
56,61,1,"15004-09-2015",1,0,0,26,31,5
61,64,0,"15004-09-2015",1,0,0,31,34,5
40,40,1,"15006-01-2015",1,0,0,6,6,6
40,42,0,"15006-01-2015",1,0,0,6,8,6
58,76,1,"15006-02-2015",1,0,0,24,42,6
76,78,0,"15006-02-2015",1,0,0,42,44,6
58,104,1,"15006-03-2015",1,0,0,24,70,6
104,107,0,"15006-03-2015",1,0,0,70,73,6
58,116,1,"15006-04-2015",1,0,0,24,82,6
58,101,1,"15006-05-2015",1,0,0,24,67,6
101,104,0,"15006-05-2015",1,0,0,67,70,6
58,81,1,"15006-06-2015",1,0,0,24,47,6
81,85,0,"15006-06-2015",1,0,0,47,51,6
158,169,1,"15006-01-2016",0,1,0,2,13,6
158,162,1,"15006-02-2016",0,1,0,2,6,6
162,164,0,"15006-02-2016",0,1,0,6,8,6
158,169,1,"15006-03-2016",0,1,0,2,13,6
158,169,1,"15006-04-2016",0,1,0,2,13,6
169,171,0,"15006-04-2016",0,1,0,13,15,6
1,44,1,"15013-01-2015",1,0,0,2,45,7
44,47,0,"15013-01-2015",1,0,0,45,48,7
1,124,1,"15013-02-2015",1,0,0,2,125,7
1,124,1,"15013-03-2015",1,0,0,2,125,7
1,23,1,"15013-04-2015",1,0,0,2,24,7
23,25,0,"15013-04-2015",1,0,0,24,26,7
21,41,1,"15013-12-2015",1,0,0,22,42,7
41,44,0,"15013-12-2015",1,0,0,42,45,7
21,21,1,"15013-13-2015",1,0,0,22,22,7
21,25,0,"15013-13-2015",1,0,0,22,26,7
21,124,1,"15013-14-2015",1,0,0,22,125,7
21,29,1,"15013-15-2015",1,0,0,22,30,7
29,31,0,"15013-15-2015",1,0,0,30,32,7
38,44,1,"15014-01-2015",1,0,0,4,10,8
44,45,0,"15014-01-2015",1,0,0,10,11,8
39,44,1,"15014-02-2015",1,0,0,5,10,8
44,45,0,"15014-02-2015",1,0,0,10,11,8
40,47,1,"15014-03-2015",1,0,0,6,13,8
47,51,0,"15014-03-2015",1,0,0,13,17,8
9,12,1,"15018-01-2015",1,0,0,2,5,9
9,22,1,"15018-02-2015",1,0,0,2,15,9
22,23,0,"15018-02-2015",1,0,0,15,16,9
9,18,1,"15018-03-2015",1,0,0,2,11,9
9,87,1,"15018-04-2015",1,0,0,2,80,9
87,94,0,"15018-04-2015",1,0,0,80,87,9
37,56,1,"15018-09-2015",1,0,0,30,49,9
56,60,0,"15018-09-2015",1,0,0,49,53,9
37,84,1,"15018-10-2015",1,0,0,30,77,9
84,87,0,"15018-10-2015",1,0,0,77,80,9
37,77,1,"15018-11-2015",1,0,0,30,70,9
153,168,1,"15018-02-2016",0,1,0,2,17,9
168,170,0,"15018-02-2016",0,1,0,17,19,9
171,183,1,"15018-04-2016",0,1,0,20,32,9
183,185,0,"15018-04-2016",0,1,0,32,34,9
24,29,1,"15019-01-2015",1,0,0,3,8,10
29,33,0,"15019-01-2015",1,0,0,8,12,10
6,8,1,"15023-01-2015",1,0,0,2,4,11
8,9,0,"15023-01-2015",1,0,0,4,5,11
6,8,1,"15023-02-2015",1,0,0,2,4,11
8,9,0,"15023-02-2015",1,0,0,4,5,11
6,8,1,"15023-03-2015",1,0,0,2,4,11
8,9,0,"15023-03-2015",1,0,0,4,5,11
6,24,1,"15023-04-2015",1,0,0,2,20,11
30,70,1,"15023-10-2015",1,0,0,26,66,11
70,73,0,"15023-10-2015",1,0,0,66,69,11
30,49,1,"15023-11-2015",1,0,0,26,45,11
49,52,0,"15023-11-2015",1,0,0,45,48,11
6,28,1,"15025-01-2015",1,0,0,2,24,12
6,24,1,"15025-02-2015",1,0,0,2,20,12
6,11,1,"15025-03-2015",1,0,0,2,7,12
11,13,0,"15025-03-2015",1,0,0,7,9,12
6,15,1,"15025-04-2015",1,0,0,2,11,12
15,18,0,"15025-04-2015",1,0,0,11,14,12
24,31,1,"15025-12-2015",1,0,0,20,27,12
31,33,0,"15025-12-2015",1,0,0,27,29,12
6,17,1,"15026-01-2015",1,0,0,3,14,13
17,25,0,"15026-01-2015",1,0,0,14,22,13
6,10,1,"15026-03-2015",1,0,0,3,7,13
10,11,0,"15026-03-2015",1,0,0,7,8,13
6,33,1,"15026-04-2015",1,0,0,3,30,13
33,36,0,"15026-04-2015",1,0,0,30,33,13
23,84,1,"15026-15-2015",1,0,0,20,81,13
84,86,0,"15026-15-2015",1,0,0,81,83,13
23,29,1,"15026-16-2015",1,0,0,20,26,13
29,31,0,"15026-16-2015",1,0,0,26,28,13
23,124,1,"15026-17-2015",1,0,0,20,121,13
10,15,1,"15027-01-2015",1,0,0,4,9,14
15,16,0,"15027-01-2015",1,0,0,9,10,14
10,25,1,"15027-02-2015",1,0,0,4,19,14
10,15,1,"15027-03-2015",1,0,0,4,9,14
15,16,0,"15027-03-2015",1,0,0,9,10,14
10,15,1,"15027-04-2015",1,0,0,4,9,14
15,16,0,"15027-04-2015",1,0,0,9,10,14
26,26,1,"15030-01-2015",1,0,0,2,2,15
26,27,0,"15030-01-2015",1,0,0,2,3,15
26,28,1,"15030-02-2015",1,0,0,2,4,15
28,29,0,"15030-02-2015",1,0,0,4,5,15
26,28,1,"15030-03-2015",1,0,0,2,4,15
28,29,0,"15030-03-2015",1,0,0,4,5,15
26,28,1,"15030-04-2015",1,0,0,2,4,15
28,29,0,"15030-04-2015",1,0,0,4,5,15
18,21,1,"15034-01-2015",1,0,0,3,6,16
21,23,0,"15034-01-2015",1,0,0,6,8,16
18,18,1,"15034-02-2015",1,0,0,3,3,16
18,19,0,"15034-02-2015",1,0,0,3,4,16
18,21,1,"15034-03-2015",1,0,0,3,6,16
18,31,1,"15034-04-2015",1,0,0,3,16,16
31,35,0,"15034-04-2015",1,0,0,16,20,16
32,40,1,"15035-01-2015",1,0,0,2,10,17
40,42,0,"15035-01-2015",1,0,0,10,12,17
32,35,1,"15035-02-2015",1,0,0,2,5,17
35,36,0,"15035-02-2015",1,0,0,5,6,17
32,48,1,"15035-03-2015",1,0,0,2,18,17
32,32,1,"15035-04-2015",1,0,0,2,2,17
32,35,0,"15035-04-2015",1,0,0,2,5,17
156,159,1,"15035-01-2016",0,1,0,3,6,17
159,160,0,"15035-01-2016",0,1,0,6,7,17
156,159,1,"15035-02-2016",0,1,0,3,6,17
159,160,0,"15035-02-2016",0,1,0,6,7,17
156,159,1,"15035-03-2016",0,1,0,3,6,17
159,160,0,"15035-03-2016",0,1,0,6,7,17
156,159,1,"15035-04-2016",0,1,0,3,6,17
159,160,0,"15035-04-2016",0,1,0,6,7,17
171,176,1,"15035-08-2016",0,1,0,18,23,17
176,178,0,"15035-08-2016",0,1,0,23,25,17
22,28,1,"15037-01-2015",1,0,0,2,8,18
28,29,0,"15037-01-2015",1,0,0,8,9,18
22,22,1,"15037-02-2015",1,0,0,2,2,18
22,23,0,"15037-02-2015",1,0,0,2,3,18
22,26,1,"15037-03-2015",1,0,0,2,6,18
26,27,0,"15037-03-2015",1,0,0,6,7,18
22,51,1,"15037-04-2015",1,0,0,2,31,18
51,54,0,"15037-04-2015",1,0,0,31,34,18
46,54,1,"15037-11-2015",1,0,0,26,34,18
54,57,0,"15037-11-2015",1,0,0,34,37,18
46,46,1,"15037-12-2015",1,0,0,26,26,18
46,48,0,"15037-12-2015",1,0,0,26,28,18
46,51,1,"15037-13-2015",1,0,0,26,31,18
51,54,0,"15037-13-2015",1,0,0,31,34,18
4,16,1,"15039-01-2015",1,0,0,2,14,19
16,17,0,"15039-01-2015",1,0,0,14,15,19
4,81,1,"15039-02-2015",1,0,0,2,79,19
81,85,0,"15039-02-2015",1,0,0,79,83,19
4,50,1,"15039-04-2015",1,0,0,2,48,19
50,53,0,"15039-04-2015",1,0,0,48,51,19
7,84,1,"15041-01-2015",1,0,0,3,80,20
7,9,1,"15041-02-2015",1,0,0,3,5,20
9,13,0,"15041-02-2015",1,0,0,5,9,20
7,22,1,"15041-03-2015",1,0,0,3,18,20
7,75,1,"15041-04-2015",1,0,0,3,71,20
75,77,0,"15041-04-2015",1,0,0,71,73,20
26,75,1,"15041-09-2015",1,0,0,22,71,20
75,77,0,"15041-09-2015",1,0,0,71,73,20
31,111,1,"15041-10-2015",1,0,0,27,107,20
19,26,1,"15042-01-2015",1,0,0,2,9,21
26,28,0,"15042-01-2015",1,0,0,9,11,21
19,123,1,"15042-02-2015",1,0,0,2,106,21
19,21,1,"15042-03-2015",1,0,0,2,4,21
21,22,0,"15042-03-2015",1,0,0,4,5,21
19,123,1,"15042-04-2015",1,0,0,2,106,21
46,123,1,"15042-09-2015",1,0,0,29,106,21
46,123,1,"15042-10-2015",1,0,0,29,106,21
7,16,1,"15044-01-2015",1,0,0,3,12,22
7,10,1,"15044-02-2015",1,0,0,3,6,22
7,16,1,"15044-06-2015",1,0,0,3,12,22
7,10,1,"15044-09-2015",1,0,0,3,6,22
10,13,0,"15044-09-2015",1,0,0,6,9,22
130,143,1,"15044-01-2016",0,1,0,2,15,22
130,233,1,"15044-02-2016",0,1,0,2,105,22
130,143,1,"15044-03-2016",0,1,0,2,15,22
130,140,1,"15044-04-2016",0,1,0,2,12,22
130,233,1,"15044-06-2016",0,1,0,2,105,22
130,186,1,"15044-09-2016",0,1,0,2,58,22
186,190,0,"15044-09-2016",0,1,0,58,62,22
18,32,1,"15045-01-2015",1,0,0,4,18,23
18,22,1,"15045-02-2015",1,0,0,4,8,23
38,39,1,"15045-03-2015",1,0,0,24,25,23
39,42,0,"15045-03-2015",1,0,0,25,28,23
38,123,1,"15045-04-2015",1,0,0,24,109,23
38,118,1,"15045-05-2015",1,0,0,24,104,23
38,56,1,"15045-06-2015",1,0,0,24,42,23
56,58,0,"15045-06-2015",1,0,0,42,44,23
9,12,1,"15046-01-2015",1,0,0,2,5,24
12,13,0,"15046-01-2015",1,0,0,5,6,24
9,104,1,"15046-02-2015",1,0,0,2,97,24
104,105,0,"15046-02-2015",1,0,0,97,98,24
38,75,1,"15046-05-2015",1,0,0,31,68,24
75,78,0,"15046-05-2015",1,0,0,68,71,24
38,75,1,"15046-06-2015",1,0,0,31,68,24
75,78,0,"15046-06-2015",1,0,0,68,71,24
33,46,1,"15046-07-2015",1,0,0,26,39,24
46,52,0,"15046-07-2015",1,0,0,39,45,24
23,24,1,"15053-01-2015",1,0,0,2,3,25
23,23,1,"15053-02-2015",1,0,0,2,2,25
23,24,0,"15053-02-2015",1,0,0,2,3,25
23,39,1,"15053-04-2015",1,0,0,2,18,25
7,14,1,"15057-01-2015",1,0,0,2,9,26
7,23,1,"15057-03-2015",1,0,0,2,18,26
7,7,1,"15057-04-2015",1,0,0,2,2,26
7,9,0,"15057-04-2015",1,0,0,2,4,26
27,101,1,"15057-15-2015",1,0,0,22,96,26
101,104,0,"15057-15-2015",1,0,0,96,99,26
10,10,1,"15058-01-2015",1,0,0,2,2,27
10,11,0,"15058-01-2015",1,0,0,2,3,27
10,14,1,"15058-02-2015",1,0,0,2,6,27
14,15,0,"15058-02-2015",1,0,0,6,7,27
10,12,1,"15058-03-2015",1,0,0,2,4,27
12,13,0,"15058-03-2015",1,0,0,4,5,27
38,99,1,"15058-04-2015",1,0,0,30,91,27
99,104,0,"15058-04-2015",1,0,0,91,96,27
38,56,1,"15058-05-2015",1,0,0,30,48,27
56,59,0,"15058-05-2015",1,0,0,48,51,27
38,123,1,"15058-06-2015",1,0,0,30,115,27
38,113,1,"15058-07-2015",1,0,0,30,105,27
15,30,1,"15059-01-2015",1,0,0,2,17,28
15,16,1,"15059-02-2015",1,0,0,2,3,28
16,18,0,"15059-02-2015",1,0,0,3,5,28
15,17,1,"15059-04-2015",1,0,0,2,4,28
7,9,1,"15061-01-2015",1,0,0,2,4,29
9,10,0,"15061-01-2015",1,0,0,4,5,29
7,14,1,"15061-02-2015",1,0,0,2,9,29
14,16,0,"15061-02-2015",1,0,0,9,11,29
7,11,1,"15061-03-2015",1,0,0,2,6,29
11,12,0,"15061-03-2015",1,0,0,6,7,29
7,16,1,"15061-04-2015",1,0,0,2,11,29
16,17,0,"15061-04-2015",1,0,0,11,12,29
28,113,1,"15061-13-2015",1,0,0,23,108,29
28,109,1,"15061-14-2015",1,0,0,23,104,29
28,110,1,"15061-15-2015",1,0,0,23,105,29
28,111,1,"15061-16-2015",1,0,0,23,106,29
39,55,1,"15064-01-2015",1,0,0,4,20,30
39,53,1,"15064-02-2015",1,0,0,4,18,30
39,53,1,"15064-03-2015",1,0,0,4,18,30
39,57,1,"15064-04-2015",1,0,0,4,22,30
20,36,1,"15067-01-2015",1,0,0,2,18,31
20,22,1,"15067-02-2015",1,0,0,2,4,31
20,31,1,"15067-03-2015",1,0,0,2,13,31
20,20,1,"15067-04-2015",1,0,0,2,2,31
20,31,0,"15067-04-2015",1,0,0,2,13,31
49,81,1,"15067-10-2015",1,0,0,31,63,31
49,81,1,"15067-11-2015",1,0,0,31,63,31
32,33,1,"15068-01-2015",1,0,0,3,4,32
33,35,0,"15068-01-2015",1,0,0,4,6,32
32,32,1,"15068-02-2015",1,0,0,3,3,32
32,35,0,"15068-02-2015",1,0,0,3,6,32
32,33,1,"15068-03-2015",1,0,0,3,4,32
33,35,0,"15068-03-2015",1,0,0,4,6,32
32,33,1,"15068-04-2015",1,0,0,3,4,32
33,35,0,"15068-04-2015",1,0,0,4,6,32
54,55,1,"15068-09-2015",1,0,0,25,26,32
55,57,0,"15068-09-2015",1,0,0,26,28,32
10,16,1,"15071-01-2015",1,0,0,3,9,33
16,17,0,"15071-01-2015",1,0,0,9,10,33
10,12,1,"15071-02-2015",1,0,0,3,5,33
10,10,1,"15071-03-2015",1,0,0,3,3,33
10,11,0,"15071-03-2015",1,0,0,3,4,33
10,10,1,"15071-04-2015",1,0,0,3,3,33
10,11,0,"15071-04-2015",1,0,0,3,4,33
33,115,1,"15071-07-2015",1,0,0,26,108,33
115,118,0,"15071-07-2015",1,0,0,108,111,33
24,26,1,"15079-01-2015",1,0,0,2,4,34
24,27,1,"15079-02-2015",1,0,0,2,5,34
24,26,1,"15079-03-2015",1,0,0,2,4,34
24,26,1,"15079-04-2015",1,0,0,2,4,34
8,8,1,"15080-02-2015",1,0,0,2,2,35
8,10,0,"15080-02-2015",1,0,0,2,4,35
20,25,1,"15082-01-2015",1,0,0,3,8,36
20,21,1,"15082-02-2015",1,0,0,3,4,36
21,24,0,"15082-02-2015",1,0,0,4,7,36
20,23,1,"15082-03-2015",1,0,0,3,6,36
45,52,1,"15082-04-2015",1,0,0,28,35,36
52,55,0,"15082-04-2015",1,0,0,35,38,36
45,59,1,"15082-05-2015",1,0,0,28,42,36
253,274,1,"15082-01-2017",0,0,1,2,23,36
253,270,1,"15082-02-2017",0,0,1,2,19,36
253,344,1,"15082-03-2017",0,0,1,2,93,36
253,262,1,"15082-04-2017",0,0,1,2,11,36
262,264,0,"15082-04-2017",0,0,1,11,13,36
253,286,1,"15082-05-2017",0,0,1,2,35,36
286,289,0,"15082-05-2017",0,0,1,35,38,36
253,276,1,"15082-06-2017",0,0,1,2,25,36
276,280,0,"15082-06-2017",0,0,1,25,29,36
22,28,1,"15086-01-2015",1,0,0,2,8,37
22,26,1,"15086-02-2015",1,0,0,2,6,37
26,27,0,"15086-02-2015",1,0,0,6,7,37
22,26,1,"15086-03-2015",1,0,0,2,6,37
26,27,0,"15086-03-2015",1,0,0,6,7,37
22,26,1,"15086-04-2015",1,0,0,2,6,37
26,27,0,"15086-04-2015",1,0,0,6,7,37
40,41,1,"15087-01-2015",1,0,0,7,8,38
40,41,1,"15087-02-2015",1,0,0,7,8,38
41,42,0,"15087-02-2015",1,0,0,8,9,38
40,62,1,"15087-03-2015",1,0,0,7,29,38
40,41,1,"15087-04-2015",1,0,0,7,8,38
41,42,0,"15087-04-2015",1,0,0,8,9,38
59,115,1,"15087-05-2015",1,0,0,26,82,38
36,55,1,"15089-01-2015",1,0,0,3,22,39
36,55,1,"15089-02-2015",1,0,0,3,22,39
36,43,1,"15089-03-2015",1,0,0,3,10,39
43,44,0,"15089-03-2015",1,0,0,10,11,39
36,53,1,"15089-04-2015",1,0,0,3,20,39
10,15,1,"15095-01-2015",1,0,0,2,7,40
15,16,0,"15095-01-2015",1,0,0,7,8,40
10,15,1,"15095-02-2015",1,0,0,2,7,40
15,16,0,"15095-02-2015",1,0,0,7,8,40
10,15,1,"15095-03-2015",1,0,0,2,7,40
15,16,0,"15095-03-2015",1,0,0,7,8,40
10,12,1,"15095-04-2015",1,0,0,2,4,40
41,108,1,"15095-10-2015",1,0,0,33,100,40
108,127,0,"15095-10-2015",1,0,0,100,119,40
41,127,1,"15095-11-2015",1,0,0,33,119,40
41,118,1,"15095-12-2015",1,0,0,33,110,40
43,77,1,"15098-01-2015",1,0,0,6,40,41
43,51,1,"15098-02-2015",1,0,0,6,14,41
51,53,0,"15098-02-2015",1,0,0,14,16,41
43,77,1,"15098-03-2015",1,0,0,6,40,41
43,77,1,"15098-04-2015",1,0,0,6,40,41
60,69,1,"15098-05-2015",1,0,0,23,32,41
69,71,0,"15098-05-2015",1,0,0,32,34,41
23,23,1,"15099-01-2015",1,0,0,2,2,42
23,24,0,"15099-01-2015",1,0,0,2,3,42
23,23,1,"15099-02-2015",1,0,0,2,2,42
23,24,0,"15099-02-2015",1,0,0,2,3,42
23,23,1,"15099-03-2015",1,0,0,2,2,42
23,24,0,"15099-03-2015",1,0,0,2,3,42
23,23,1,"15099-04-2015",1,0,0,2,2,42
23,24,0,"15099-04-2015",1,0,0,2,3,42
48,127,1,"15099-10-2015",1,0,0,27,106,42
17,27,1,"15102-01-2015",1,0,0,2,12,43
17,29,1,"15102-02-2015",1,0,0,2,14,43
29,31,0,"15102-02-2015",1,0,0,14,16,43
17,35,1,"15102-03-2015",1,0,0,2,20,43
248,341,1,"15103-01-2017",0,0,1,2,95,44
248,264,1,"15103-02-2017",0,0,1,2,18,44
248,341,1,"15103-03-2017",0,0,1,2,95,44
248,259,1,"15103-04-2017",0,0,1,2,13,44
248,250,1,"15103-05-2017",0,0,1,2,4,44
250,251,0,"15103-05-2017",0,0,1,4,5,44
248,310,1,"15103-06-2017",0,0,1,2,64,44
248,269,1,"15103-08-2017",0,0,1,2,23,44
248,269,1,"15103-09-2017",0,0,1,2,23,44
248,269,1,"15103-10-2017",0,0,1,2,23,44
248,341,1,"15103-11-2017",0,0,1,2,95,44
26,43,1,"15104-02-2015",1,0,0,2,19,45
26,26,1,"15104-03-2015",1,0,0,2,2,45
26,29,0,"15104-03-2015",1,0,0,2,5,45
26,43,1,"15104-04-2015",1,0,0,2,19,45
11,16,1,"15105-04-2015",1,0,0,3,8,46
16,17,0,"15105-04-2015",1,0,0,8,9,46
41,82,1,"15105-09-2015",1,0,0,33,74,46
156,172,1,"15106-01-2016",0,1,0,3,19,47
156,188,1,"15106-02-2016",0,1,0,3,35,47
156,172,1,"15106-03-2016",0,1,0,3,19,47
156,170,1,"15106-04-2016",0,1,0,3,17,47
156,188,1,"15106-05-2016",0,1,0,3,35,47
156,188,1,"15106-07-2016",0,1,0,3,35,47
133,140,1,"15107-01-2016",0,1,0,2,9,48
140,142,0,"15107-01-2016",0,1,0,9,11,48
133,142,1,"15107-02-2016",0,1,0,2,11,48
142,144,0,"15107-02-2016",0,1,0,11,13,48
133,150,1,"15107-03-2016",0,1,0,2,19,48
133,188,1,"15107-04-2016",0,1,0,2,57,48
133,165,1,"15107-05-2016",0,1,0,2,34,48
165,170,0,"15107-05-2016",0,1,0,34,39,48
133,188,1,"15107-06-2016",0,1,0,2,57,48
133,188,1,"15107-08-2016",0,1,0,2,57,48
133,188,1,"15107-10-2016",0,1,0,2,57,48
133,188,1,"15107-11-2016",0,1,0,2,57,48
133,188,1,"15107-12-2016",0,1,0,2,57,48
153,167,1,"15107-14-2016",0,1,0,22,36,48
167,170,0,"15107-14-2016",0,1,0,36,39,48
23,27,1,"15109-02-2015",1,0,0,3,7,49
27,28,0,"15109-02-2015",1,0,0,7,8,49
23,25,1,"15109-03-2015",1,0,0,3,5,49
25,26,0,"15109-03-2015",1,0,0,5,6,49
23,25,1,"15109-04-2015",1,0,0,3,5,49
50,81,1,"15109-09-2015",1,0,0,30,61,49
50,81,1,"15109-10-2015",1,0,0,30,61,49
42,46,1,"15111-01-2015",1,0,0,3,7,50
46,47,0,"15111-01-2015",1,0,0,7,8,50
42,58,1,"15111-02-2015",1,0,0,3,19,50
141,145,1,"15111-01-2016",0,1,0,3,7,50
145,147,0,"15111-01-2016",0,1,0,7,9,50
141,144,1,"15111-02-2016",0,1,0,3,6,50
141,170,1,"15111-03-2016",0,1,0,3,32,50
141,150,1,"15111-04-2016",0,1,0,3,12,50
150,151,0,"15111-04-2016",0,1,0,12,13,50
141,165,1,"15111-07-2016",0,1,0,3,27,50
165,168,0,"15111-07-2016",0,1,0,27,30,50
164,170,1,"15111-09-2016",0,1,0,26,32,50
14,24,1,"15112-01-2015",1,0,0,2,12,51
24,26,0,"15112-01-2015",1,0,0,12,14,51
14,16,1,"15112-02-2015",1,0,0,2,4,51
16,17,0,"15112-02-2015",1,0,0,4,5,51
14,15,1,"15112-03-2015",1,0,0,2,3,51
14,21,1,"15112-04-2015",1,0,0,2,9,51
21,22,0,"15112-04-2015",1,0,0,9,10,51
153,170,1,"16003-01-2016",0,1,0,3,20,52
153,172,1,"16003-02-2016",0,1,0,3,22,52
153,166,1,"16003-03-2016",0,1,0,3,16,52
153,178,1,"16003-04-2016",0,1,0,3,28,52
178,181,0,"16003-04-2016",0,1,0,28,31,52
137,156,1,"16006-01-2016",0,1,0,2,21,53
137,189,1,"16006-02-2016",0,1,0,2,54,53
189,195,0,"16006-02-2016",0,1,0,54,60,53
137,140,1,"16006-03-2016",0,1,0,2,5,53
137,142,1,"16006-04-2016",0,1,0,2,7,53
142,146,0,"16006-04-2016",0,1,0,7,11,53
137,189,1,"16006-06-2016",0,1,0,2,54,53
137,158,1,"16006-08-2016",0,1,0,2,23,53
137,164,1,"16006-10-2016",0,1,0,2,29,53
164,166,0,"16006-10-2016",0,1,0,29,31,53
137,185,1,"16006-13-2016",0,1,0,2,50,53
185,187,0,"16006-13-2016",0,1,0,50,52,53
137,164,1,"16006-14-2016",0,1,0,2,29,53
164,166,0,"16006-14-2016",0,1,0,29,31,53
238,253,1,"16011-01-2017",0,0,1,2,17,54
238,261,1,"16011-02-2017",0,0,1,2,25,54
261,263,0,"16011-02-2017",0,0,1,25,27,54
238,243,1,"16011-03-2017",0,0,1,2,7,54
238,239,1,"16011-04-2017",0,0,1,2,3,54
239,240,0,"16011-04-2017",0,0,1,3,4,54
238,329,1,"16011-05-2017",0,0,1,2,93,54
329,333,0,"16011-05-2017",0,0,1,93,97,54
238,263,1,"16011-07-2017",0,0,1,2,27,54
263,265,0,"16011-07-2017",0,0,1,27,29,54
238,265,1,"16011-11-2017",0,0,1,2,29,54
265,271,0,"16011-11-2017",0,0,1,29,35,54
149,181,1,"16012-01-2016",0,1,0,2,34,55
181,183,0,"16012-01-2016",0,1,0,34,36,55
149,192,1,"16012-02-2016",0,1,0,2,45,55
192,195,0,"16012-02-2016",0,1,0,45,48,55
149,153,1,"16012-03-2016",0,1,0,2,6,55
153,154,0,"16012-03-2016",0,1,0,6,7,55
149,168,1,"16012-04-2016",0,1,0,2,21,55
149,195,1,"16012-06-2016",0,1,0,2,48,55
195,201,0,"16012-06-2016",0,1,0,48,54,55
243,249,1,"16012-01-2017",0,0,1,2,8,55
249,252,0,"16012-01-2017",0,0,1,8,11,55
243,265,1,"16012-02-2017",0,0,1,2,24,55
243,345,1,"16012-03-2017",0,0,1,2,104,55
243,345,1,"16012-04-2017",0,0,1,2,104,55
243,345,1,"16012-05-2017",0,0,1,2,104,55
243,264,1,"16012-07-2017",0,0,1,2,23,55
243,264,1,"16012-10-2017",0,0,1,2,23,55
150,154,1,"16013-01-2016",0,1,0,2,6,56
154,156,0,"16013-01-2016",0,1,0,6,8,56
150,152,1,"16013-02-2016",0,1,0,2,4,56
150,168,1,"16013-03-2016",0,1,0,2,20,56
150,154,1,"16013-04-2016",0,1,0,2,6,56
154,156,0,"16013-04-2016",0,1,0,6,8,56
150,237,1,"16013-05-2016",0,1,0,2,89,56
168,237,1,"16013-06-2016",0,1,0,20,89,56
157,160,1,"16014-01-2016",0,1,0,2,5,57
160,161,0,"16014-01-2016",0,1,0,5,6,57
157,159,1,"16014-02-2016",0,1,0,2,4,57
157,158,1,"16014-03-2016",0,1,0,2,3,57
158,159,0,"16014-03-2016",0,1,0,3,4,57
157,158,1,"16014-04-2016",0,1,0,2,3,57
158,159,0,"16014-04-2016",0,1,0,3,4,57
243,250,1,"16016-01-2017",0,0,1,2,9,58
243,348,1,"16016-02-2017",0,0,1,2,107,58
243,270,1,"16016-03-2017",0,0,1,2,29,58
270,273,0,"16016-03-2017",0,0,1,29,32,58
243,250,1,"16016-04-2017",0,0,1,2,9,58
243,250,1,"16016-05-2017",0,0,1,2,9,58
264,276,1,"16016-08-2017",0,0,1,23,35,58
276,298,0,"16016-08-2017",0,0,1,35,57,58
142,144,1,"16018-01-2016",0,1,0,2,4,59
144,145,0,"16018-01-2016",0,1,0,4,5,59
142,144,1,"16018-04-2016",0,1,0,2,4,59
144,145,0,"16018-04-2016",0,1,0,4,5,59
138,151,1,"16023-01-2016",0,1,0,2,15,60
151,153,0,"16023-01-2016",0,1,0,15,17,60
138,145,1,"16023-02-2016",0,1,0,2,9,60
138,143,1,"16023-03-2016",0,1,0,2,7,60
143,144,0,"16023-03-2016",0,1,0,7,8,60
138,183,1,"16023-04-2016",0,1,0,2,47,60
183,185,0,"16023-04-2016",0,1,0,47,49,60
138,181,1,"16023-07-2016",0,1,0,2,45,60
181,192,0,"16023-07-2016",0,1,0,45,56,60
138,222,1,"16023-08-2016",0,1,0,2,86,60
138,170,1,"16023-10-2016",0,1,0,2,34,60
170,172,0,"16023-10-2016",0,1,0,34,36,60
261,297,1,"16024-01-2017",0,0,1,2,38,61
297,300,0,"16024-01-2017",0,0,1,38,41,61
261,274,1,"16024-02-2017",0,0,1,2,15,61
274,276,0,"16024-02-2017",0,0,1,15,17,61
261,266,1,"16024-03-2017",0,0,1,2,7,61
261,263,1,"16024-04-2017",0,0,1,2,4,61
261,287,1,"16024-06-2017",0,0,1,2,28,61
287,291,0,"16024-06-2017",0,0,1,28,32,61
159,170,1,"16026-01-2016",0,1,0,3,14,62
159,172,1,"16026-02-2016",0,1,0,3,16,62
172,174,0,"16026-02-2016",0,1,0,16,18,62
159,170,1,"16026-03-2016",0,1,0,3,14,62
159,170,1,"16026-04-2016",0,1,0,3,14,62
170,172,0,"16026-04-2016",0,1,0,14,16,62
159,237,1,"16026-06-2016",0,1,0,3,81,62
159,200,1,"16026-07-2016",0,1,0,3,44,62
200,203,0,"16026-07-2016",0,1,0,44,47,62
151,160,1,"16027-01-2016",0,1,0,3,12,63
160,162,0,"16027-01-2016",0,1,0,12,14,63
151,188,1,"16027-02-2016",0,1,0,3,40,63
151,188,1,"16027-03-2016",0,1,0,3,40,63
151,188,1,"16027-04-2016",0,1,0,3,40,63
151,176,1,"16027-05-2016",0,1,0,3,28,63
176,178,0,"16027-05-2016",0,1,0,28,30,63
151,170,1,"16027-06-2016",0,1,0,3,22,63
151,170,1,"16027-08-2016",0,1,0,3,22,63
138,147,1,"16028-01-2016",0,1,0,2,11,64
138,156,1,"16028-02-2016",0,1,0,2,20,64
138,160,1,"16028-03-2016",0,1,0,2,24,64
138,139,1,"16028-04-2016",0,1,0,2,3,64
139,140,0,"16028-04-2016",0,1,0,3,4,64
162,168,1,"16028-05-2016",0,1,0,26,32,64
168,170,0,"16028-05-2016",0,1,0,32,34,64
176,226,1,"16028-06-2016",0,1,0,40,90,64
226,228,0,"16028-06-2016",0,1,0,90,92,64
128,141,1,"16029-01-2016",0,1,0,2,15,65
141,143,0,"16029-01-2016",0,1,0,15,17,65
128,136,1,"16029-02-2016",0,1,0,2,10,65
136,137,0,"16029-02-2016",0,1,0,10,11,65
128,187,1,"16029-03-2016",0,1,0,2,61,65
128,187,1,"16029-04-2016",0,1,0,2,61,65
156,187,1,"16029-08-2016",0,1,0,30,61,65
139,150,1,"16031-01-2016",0,1,0,2,13,66
139,140,1,"16031-02-2016",0,1,0,2,3,66
140,149,0,"16031-02-2016",0,1,0,3,12,66
139,142,1,"16031-03-2016",0,1,0,2,5,66
133,188,1,"16033-01-2016",0,1,0,2,57,67
133,188,1,"16033-02-2016",0,1,0,2,57,67
133,188,1,"16033-03-2016",0,1,0,2,57,67
133,147,1,"16033-04-2016",0,1,0,2,16,67
147,149,0,"16033-04-2016",0,1,0,16,18,67
133,188,1,"16033-09-2016",0,1,0,2,57,67
133,177,1,"16033-10-2016",0,1,0,2,46,67
177,182,0,"16033-10-2016",0,1,0,46,51,67
138,142,1,"16034-01-2016",0,1,0,2,6,68
142,143,0,"16034-01-2016",0,1,0,6,7,68
138,141,1,"16034-02-2016",0,1,0,2,5,68
141,142,0,"16034-02-2016",0,1,0,5,6,68
138,138,1,"16034-03-2016",0,1,0,2,2,68
138,139,0,"16034-03-2016",0,1,0,2,3,68
138,141,1,"16034-04-2016",0,1,0,2,5,68
141,142,0,"16034-04-2016",0,1,0,5,6,68
162,231,1,"16034-09-2016",0,1,0,26,95,68
156,189,1,"16036-01-2016",0,1,0,3,36,69
156,158,1,"16036-02-2016",0,1,0,3,5,69
158,159,0,"16036-02-2016",0,1,0,5,6,69
156,158,1,"16036-03-2016",0,1,0,3,5,69
156,183,1,"16036-04-2016",0,1,0,3,30,69
156,183,1,"16036-05-2016",0,1,0,3,30,69
170,189,1,"16036-07-2016",0,1,0,17,36,69
254,277,1,"16040-01-2017",0,0,1,3,26,70
254,257,1,"16040-02-2017",0,0,1,3,6,70
257,258,0,"16040-02-2017",0,0,1,6,7,70
254,261,1,"16040-03-2017",0,0,1,3,10,70
261,295,0,"16040-03-2017",0,0,1,10,44,70
254,347,1,"16040-04-2017",0,0,1,3,96,70
254,301,1,"16040-05-2017",0,0,1,3,50,70
301,304,0,"16040-05-2017",0,0,1,50,53,70
254,277,1,"16040-06-2017",0,0,1,3,26,70
254,277,1,"16040-07-2017",0,0,1,3,26,70
254,277,1,"16040-08-2017",0,0,1,3,26,70
254,277,1,"16040-10-2017",0,0,1,3,26,70
263,268,1,"16043-01-2017",0,0,1,2,7,71
268,272,0,"16043-01-2017",0,0,1,7,11,71
263,283,1,"16043-02-2017",0,0,1,2,22,71
263,341,1,"16043-03-2017",0,0,1,2,80,71
263,305,1,"16043-04-2017",0,0,1,2,44,71
305,311,0,"16043-04-2017",0,0,1,44,50,71
263,283,1,"16043-05-2017",0,0,1,2,22,71
263,283,1,"16043-06-2017",0,0,1,2,22,71
263,283,1,"16043-07-2017",0,0,1,2,22,71
263,283,1,"16043-08-2017",0,0,1,2,22,71
263,283,1,"16043-09-2017",0,0,1,2,22,71
244,259,1,"16044-01-2017",0,0,1,2,17,72
259,264,0,"16044-01-2017",0,0,1,17,22,72
244,318,1,"16044-02-2017",0,0,1,2,76,72
244,268,1,"16044-03-2017",0,0,1,2,26,72
268,285,0,"16044-03-2017",0,0,1,26,43,72
244,251,1,"16044-04-2017",0,0,1,2,9,72
251,253,0,"16044-04-2017",0,0,1,9,11,72
244,253,1,"16044-05-2017",0,0,1,2,11,72
253,255,0,"16044-05-2017",0,0,1,11,13,72
244,309,1,"16044-06-2017",0,0,1,2,67,72
309,314,0,"16044-06-2017",0,0,1,67,72,72
244,306,1,"16044-08-2017",0,0,1,2,64,72
306,312,0,"16044-08-2017",0,0,1,64,70,72
244,262,1,"16044-09-2017",0,0,1,2,20,72
251,252,1,"16048-01-2017",0,0,1,2,3,73
251,252,1,"16048-02-2017",0,0,1,2,3,73
251,252,1,"16048-03-2017",0,0,1,2,3,73
251,252,1,"16048-04-2017",0,0,1,2,3,73
252,253,0,"16048-04-2017",0,0,1,3,4,73
251,252,1,"16048-05-2017",0,0,1,2,3,73
251,345,1,"16048-07-2017",0,0,1,2,96,73
134,136,1,"16049-01-2016",0,1,0,3,5,74
136,138,0,"16049-01-2016",0,1,0,5,7,74
134,141,1,"16049-02-2016",0,1,0,3,10,74
141,143,0,"16049-02-2016",0,1,0,10,12,74
134,141,1,"16049-03-2016",0,1,0,3,10,74
141,143,0,"16049-03-2016",0,1,0,10,12,74
134,141,1,"16049-04-2016",0,1,0,3,10,74
141,143,0,"16049-04-2016",0,1,0,10,12,74
134,214,1,"16049-06-2016",0,1,0,3,83,74
214,218,0,"16049-06-2016",0,1,0,83,87,74
134,157,1,"16049-10-2016",0,1,0,3,26,74
157,159,0,"16049-10-2016",0,1,0,26,28,74
134,236,1,"16049-11-2016",0,1,0,3,105,74
157,159,1,"16049-12-2016",0,1,0,26,28,74
159,161,0,"16049-12-2016",0,1,0,28,30,74
133,188,1,"16050-01-2016",0,1,0,6,61,75
133,146,1,"16050-02-2016",0,1,0,6,19,75
146,147,0,"16050-02-2016",0,1,0,19,20,75
133,188,1,"16050-03-2016",0,1,0,6,61,75
133,151,1,"16050-04-2016",0,1,0,6,24,75
151,153,0,"16050-04-2016",0,1,0,24,26,75
148,188,1,"16050-05-2016",0,1,0,21,61,75
148,188,1,"16050-06-2016",0,1,0,21,61,75
268,288,1,"16051-01-2017",0,0,1,2,22,76
268,321,1,"16051-02-2017",0,0,1,2,55,76
268,268,1,"16051-03-2017",0,0,1,2,2,76
268,272,0,"16051-03-2017",0,0,1,2,6,76
268,335,1,"16051-04-2017",0,0,1,2,69,76
245,345,1,"16059-01-2017",0,0,1,3,103,77
245,277,1,"16059-02-2017",0,0,1,3,35,77
245,342,1,"16059-03-2017",0,0,1,3,100,77
245,263,1,"16059-04-2017",0,0,1,3,21,77
245,270,1,"16059-05-2017",0,0,1,3,28,77
245,345,1,"16059-06-2017",0,0,1,3,103,77
245,270,1,"16059-08-2017",0,0,1,3,28,77
245,270,1,"16059-10-2017",0,0,1,3,28,77
149,149,1,"16061-01-2016",0,1,0,2,2,78
149,150,0,"16061-01-2016",0,1,0,2,3,78
149,159,1,"16061-02-2016",0,1,0,2,12,78
149,157,1,"16061-03-2016",0,1,0,2,10,78
157,159,0,"16061-03-2016",0,1,0,10,12,78
149,161,1,"16061-04-2016",0,1,0,2,14,78
135,171,1,"16062-01-2016",0,1,0,2,38,79
171,173,0,"16062-01-2016",0,1,0,38,40,79
135,137,1,"16062-02-2016",0,1,0,2,4,79
137,138,0,"16062-02-2016",0,1,0,4,5,79
135,141,1,"16062-03-2016",0,1,0,2,8,79
141,142,0,"16062-03-2016",0,1,0,8,9,79
135,137,1,"16062-04-2016",0,1,0,2,4,79
137,138,0,"16062-04-2016",0,1,0,4,5,79
266,269,1,"16062-01-2017",0,0,1,3,6,79
269,270,0,"16062-01-2017",0,0,1,6,7,79
266,269,1,"16062-02-2017",0,0,1,3,6,79
269,270,0,"16062-02-2017",0,0,1,6,7,79
266,268,1,"16062-03-2017",0,0,1,3,5,79
266,283,1,"16062-04-2017",0,0,1,3,20,79
283,284,0,"16062-04-2017",0,0,1,20,21,79
266,345,1,"16062-05-2017",0,0,1,3,82,79
266,345,1,"16062-06-2017",0,0,1,3,82,79
146,152,1,"16064-01-2016",0,1,0,2,8,80
152,162,0,"16064-01-2016",0,1,0,8,18,80
146,153,1,"16064-03-2016",0,1,0,2,9,80
146,158,1,"16064-04-2016",0,1,0,2,14,80
138,142,1,"16065-01-2016",0,1,0,2,6,81
142,143,0,"16065-01-2016",0,1,0,6,7,81
138,146,1,"16065-02-2016",0,1,0,2,10,81
138,185,1,"16065-03-2016",0,1,0,2,49,81
185,198,0,"16065-03-2016",0,1,0,49,62,81
138,147,1,"16065-04-2016",0,1,0,2,11,81
138,170,1,"16065-08-2016",0,1,0,2,34,81
158,163,1,"16067-01-2016",0,1,0,2,7,82
158,163,1,"16067-02-2016",0,1,0,2,7,82
158,164,1,"16067-03-2016",0,1,0,2,8,82
164,165,0,"16067-03-2016",0,1,0,8,9,82
158,163,1,"16067-04-2016",0,1,0,2,7,82
134,145,1,"16069-01-2016",0,1,0,2,13,83
134,233,1,"16069-02-2016",0,1,0,2,101,83
134,145,1,"16069-03-2016",0,1,0,2,13,83
134,141,1,"16069-04-2016",0,1,0,2,9,83
134,233,1,"16069-08-2016",0,1,0,2,101,83
154,154,1,"16069-10-2016",0,1,0,22,22,83
154,159,0,"16069-10-2016",0,1,0,22,27,83
154,167,1,"16069-11-2016",0,1,0,22,35,83
167,208,0,"16069-11-2016",0,1,0,35,76,83
247,348,1,"16069-01-2017",0,0,1,3,104,83
247,348,1,"16069-02-2017",0,0,1,3,104,83
247,267,1,"16069-03-2017",0,0,1,3,23,83
247,268,1,"16069-04-2017",0,0,1,3,24,83
268,271,0,"16069-04-2017",0,0,1,24,27,83
247,288,1,"16069-05-2017",0,0,1,3,44,83
288,292,0,"16069-05-2017",0,0,1,44,48,83
140,142,1,"16071-01-2016",0,1,0,3,5,84
142,143,0,"16071-01-2016",0,1,0,5,6,84
140,142,1,"16071-02-2016",0,1,0,3,5,84
142,143,0,"16071-02-2016",0,1,0,5,6,84
140,228,1,"16071-03-2016",0,1,0,3,91,84
140,142,1,"16071-04-2016",0,1,0,3,5,84
142,143,0,"16071-04-2016",0,1,0,5,6,84
140,224,1,"16071-05-2016",0,1,0,3,87,84
140,184,1,"16071-07-2016",0,1,0,3,47,84
184,186,0,"16071-07-2016",0,1,0,47,49,84
141,158,1,"16072-01-2016",0,1,0,2,19,85
141,153,1,"16072-02-2016",0,1,0,2,14,85
141,189,1,"16072-03-2016",0,1,0,2,50,85
141,173,1,"16072-04-2016",0,1,0,2,34,85
173,176,0,"16072-04-2016",0,1,0,34,37,85
141,189,1,"16072-08-2016",0,1,0,2,50,85
148,153,1,"16073-01-2016",0,1,0,4,9,86
148,189,1,"16073-02-2016",0,1,0,4,45,86
148,174,1,"16073-03-2016",0,1,0,4,30,86
174,181,0,"16073-03-2016",0,1,0,30,37,86
148,162,1,"16073-04-2016",0,1,0,4,18,86
162,164,0,"16073-04-2016",0,1,0,18,20,86
148,178,1,"16073-05-2016",0,1,0,4,34,86
178,181,0,"16073-05-2016",0,1,0,34,37,86
147,154,1,"16076-01-2016",0,1,0,3,10,87
154,156,0,"16076-01-2016",0,1,0,10,12,87
147,186,1,"16076-02-2016",0,1,0,3,42,87
186,188,0,"16076-02-2016",0,1,0,42,44,87
147,154,1,"16076-03-2016",0,1,0,3,10,87
147,163,1,"16076-04-2016",0,1,0,3,19,87
139,156,1,"16077-01-2016",0,1,0,2,19,88
156,157,0,"16077-01-2016",0,1,0,19,20,88
139,157,1,"16077-02-2016",0,1,0,2,20,88
139,157,1,"16077-03-2016",0,1,0,2,20,88
139,144,1,"16077-04-2016",0,1,0,2,7,88
144,148,0,"16077-04-2016",0,1,0,7,11,88
139,237,1,"16077-05-2016",0,1,0,2,100,88
136,149,1,"16078-01-2016",0,1,0,2,15,89
149,151,0,"16078-01-2016",0,1,0,15,17,89
136,147,1,"16078-02-2016",0,1,0,2,13,89
136,145,1,"16078-03-2016",0,1,0,2,11,89
145,147,0,"16078-03-2016",0,1,0,11,13,89
136,145,1,"16078-04-2016",0,1,0,2,11,89
145,149,0,"16078-04-2016",0,1,0,11,15,89
241,255,1,"16078-01-2017",0,0,1,2,16,89
255,257,0,"16078-01-2017",0,0,1,16,18,89
241,247,1,"16078-02-2017",0,0,1,2,8,89
241,344,1,"16078-03-2017",0,0,1,2,105,89
241,293,1,"16078-04-2017",0,0,1,2,54,89
241,347,1,"16078-05-2017",0,0,1,2,108,89
241,259,1,"16078-06-2017",0,0,1,2,20,89
241,259,1,"16078-09-2017",0,0,1,2,20,89
241,344,1,"16078-12-2017",0,0,1,2,105,89
135,154,1,"16079-01-2016",0,1,0,2,21,90
135,142,1,"16079-02-2016",0,1,0,2,9,90
135,142,1,"16079-03-2016",0,1,0,2,9,90
135,142,1,"16079-04-2016",0,1,0,2,9,90
135,164,1,"16079-06-2016",0,1,0,2,31,90
144,145,1,"16080-01-2016",0,1,0,2,3,91
144,145,1,"16080-02-2016",0,1,0,2,3,91
144,237,1,"16080-03-2016",0,1,0,2,95,91
144,174,1,"16080-04-2016",0,1,0,2,32,91
174,176,0,"16080-04-2016",0,1,0,32,34,91
144,231,1,"16080-05-2016",0,1,0,2,89,91
144,169,1,"16080-07-2016",0,1,0,2,27,91
144,176,1,"16080-08-2016",0,1,0,2,34,91
176,178,0,"16080-08-2016",0,1,0,34,36,91
144,219,1,"16080-10-2016",0,1,0,2,77,91
219,222,0,"16080-10-2016",0,1,0,77,80,91
139,158,1,"16081-01-2016",0,1,0,3,22,92
139,189,1,"16081-02-2016",0,1,0,3,53,92
139,189,1,"16081-03-2016",0,1,0,3,53,92
140,147,1,"16083-01-2016",0,1,0,2,9,93
147,151,0,"16083-01-2016",0,1,0,9,13,93
140,144,1,"16083-02-2016",0,1,0,2,6,93
144,145,0,"16083-02-2016",0,1,0,6,7,93
140,147,1,"16083-03-2016",0,1,0,2,9,93
147,152,0,"16083-03-2016",0,1,0,9,14,93
140,141,1,"16083-04-2016",0,1,0,2,3,93
141,142,0,"16083-04-2016",0,1,0,3,4,93
134,139,1,"16084-01-2016",0,1,0,2,7,94
139,140,0,"16084-01-2016",0,1,0,7,8,94
134,141,1,"16084-02-2016",0,1,0,2,9,94
141,143,0,"16084-02-2016",0,1,0,9,11,94
134,237,1,"16084-03-2016",0,1,0,2,105,94
134,139,1,"16084-04-2016",0,1,0,2,7,94
139,140,0,"16084-04-2016",0,1,0,7,8,94
134,237,1,"16084-05-2016",0,1,0,2,105,94
154,237,1,"16084-08-2016",0,1,0,22,105,94
154,227,1,"16084-10-2016",0,1,0,22,95,94
154,233,1,"16084-11-2016",0,1,0,22,101,94
233,237,0,"16084-11-2016",0,1,0,101,105,94
268,326,1,"16086-01-2017",0,0,1,3,61,95
268,287,1,"16086-02-2017",0,0,1,3,22,95
268,338,1,"16086-03-2017",0,0,1,3,73,95
268,287,1,"16086-04-2017",0,0,1,3,22,95
268,295,1,"16086-05-2017",0,0,1,3,30,95
268,295,1,"16086-06-2017",0,0,1,3,30,95
268,295,1,"16086-07-2017",0,0,1,3,30,95
137,144,1,"16088-01-2016",0,1,0,3,10,96
144,148,0,"16088-01-2016",0,1,0,10,14,96
137,140,1,"16088-02-2016",0,1,0,3,6,96
137,205,1,"16088-03-2016",0,1,0,3,71,96
205,231,0,"16088-03-2016",0,1,0,71,97,96
137,144,1,"16088-04-2016",0,1,0,3,10,96
137,196,1,"16088-05-2016",0,1,0,3,62,96
137,158,1,"16088-07-2016",0,1,0,3,24,96
158,159,0,"16088-07-2016",0,1,0,24,25,96
145,154,1,"16089-01-2016",0,1,0,2,11,97
145,161,1,"16089-02-2016",0,1,0,2,18,97
145,224,1,"16089-03-2016",0,1,0,2,81,97
224,228,0,"16089-03-2016",0,1,0,81,85,97
145,154,1,"16089-04-2016",0,1,0,2,11,97
144,157,1,"16090-03-2016",0,1,0,2,15,98
144,154,1,"16090-04-2016",0,1,0,2,12,98
154,157,0,"16090-04-2016",0,1,0,12,15,98
251,282,1,"16090-01-2017",0,0,1,2,33,98
282,285,0,"16090-01-2017",0,0,1,33,36,98
251,271,1,"16090-02-2017",0,0,1,2,22,98
251,330,1,"16090-03-2017",0,0,1,2,81,98
251,330,1,"16090-04-2017",0,0,1,2,81,98
251,326,1,"16090-05-2017",0,0,1,2,77,98
142,213,1,"16092-01-2016",0,1,0,2,73,99
213,217,0,"16092-01-2016",0,1,0,73,77,99
142,165,1,"16092-02-2016",0,1,0,2,25,99
165,167,0,"16092-02-2016",0,1,0,25,27,99
142,148,1,"16092-03-2016",0,1,0,2,8,99
148,149,0,"16092-03-2016",0,1,0,8,9,99
142,149,1,"16092-04-2016",0,1,0,2,9,99
153,168,1,"16093-01-2016",0,1,0,2,17,100
168,170,0,"16093-01-2016",0,1,0,17,19,100
153,160,1,"16093-02-2016",0,1,0,2,9,100
160,162,0,"16093-02-2016",0,1,0,9,11,100
153,160,1,"16093-03-2016",0,1,0,2,9,100
160,162,0,"16093-03-2016",0,1,0,9,11,100
153,153,1,"16093-04-2016",0,1,0,2,2,100
153,156,0,"16093-04-2016",0,1,0,2,5,100
177,236,1,"16093-08-2016",0,1,0,26,85,100
144,151,1,"16094-01-2016",0,1,0,2,9,101
144,151,1,"16094-02-2016",0,1,0,2,9,101
144,151,1,"16094-03-2016",0,1,0,2,9,101
144,151,1,"16094-04-2016",0,1,0,2,9,101
144,151,1,"16094-05-2016",0,1,0,2,9,101
144,151,1,"16094-06-2016",0,1,0,2,9,101
144,151,1,"16094-07-2016",0,1,0,2,9,101
144,151,1,"16094-08-2016",0,1,0,2,9,101
144,151,1,"16094-09-2016",0,1,0,2,9,101
156,172,1,"16095-01-2016",0,1,0,3,19,102
156,159,1,"16095-02-2016",0,1,0,3,6,102
156,159,1,"16095-03-2016",0,1,0,3,6,102
156,172,1,"16095-04-2016",0,1,0,3,19,102
156,188,1,"16095-05-2016",0,1,0,3,35,102
188,191,0,"16095-05-2016",0,1,0,35,38,102
140,141,1,"16098-01-2016",0,1,0,2,3,103
140,141,1,"16098-02-2016",0,1,0,2,3,103
140,142,1,"16098-03-2016",0,1,0,2,4,103
140,141,1,"16098-04-2016",0,1,0,2,3,103
141,142,0,"16098-04-2016",0,1,0,3,4,103
245,249,1,"16098-01-2017",0,0,1,3,7,103
249,250,0,"16098-01-2017",0,0,1,7,8,103
245,251,1,"16098-02-2017",0,0,1,3,9,103
245,251,1,"16098-03-2017",0,0,1,3,9,103
245,251,1,"16098-04-2017",0,0,1,3,9,103
245,251,1,"16098-05-2017",0,0,1,3,9,103
251,253,0,"16098-05-2017",0,0,1,9,11,103
270,347,1,"16098-09-2017",0,0,1,28,105,103
151,154,1,"16099-01-2016",0,1,0,2,5,104
151,154,1,"16099-02-2016",0,1,0,2,5,104
151,196,1,"16099-03-2016",0,1,0,2,47,104
196,199,0,"16099-03-2016",0,1,0,47,50,104
151,154,1,"16099-04-2016",0,1,0,2,5,104
138,139,1,"16100-01-2016",0,1,0,2,3,105
138,139,1,"16100-02-2016",0,1,0,2,3,105
138,139,1,"16100-03-2016",0,1,0,2,3,105
138,139,1,"16100-04-2016",0,1,0,2,3,105
139,142,0,"16100-04-2016",0,1,0,3,6,105
138,139,1,"16100-05-2016",0,1,0,2,3,105
138,139,1,"16100-06-2016",0,1,0,2,3,105
138,139,1,"16100-07-2016",0,1,0,2,3,105
138,139,1,"16100-08-2016",0,1,0,2,3,105
138,139,1,"16100-09-2016",0,1,0,2,3,105
138,139,1,"16100-10-2016",0,1,0,2,3,105
138,139,1,"16100-11-2016",0,1,0,2,3,105
138,139,1,"16100-12-2016",0,1,0,2,3,105
266,275,1,"16100-01-2017",0,0,1,1,10,105
275,277,0,"16100-01-2017",0,0,1,10,12,105
266,275,1,"16100-02-2017",0,0,1,1,10,105
266,275,1,"16100-03-2017",0,0,1,1,10,105
275,277,0,"16100-03-2017",0,0,1,10,12,105
266,345,1,"16100-05-2017",0,0,1,1,80,105
153,154,1,"16101-01-2016",0,1,0,4,5,106
153,154,1,"16101-02-2016",0,1,0,4,5,106
153,167,1,"16101-03-2016",0,1,0,4,18,106
153,154,1,"16101-04-2016",0,1,0,4,5,106
256,274,1,"16101-01-2017",0,0,1,2,20,106
256,267,1,"16101-02-2017",0,0,1,2,13,106
256,341,1,"16101-03-2017",0,0,1,2,87,106
140,147,1,"16102-01-2016",0,1,0,2,9,107
140,145,1,"16102-02-2016",0,1,0,2,7,107
145,146,0,"16102-02-2016",0,1,0,7,8,107
140,147,1,"16102-03-2016",0,1,0,2,9,107
140,147,1,"16102-04-2016",0,1,0,2,9,107
254,263,1,"17006-01-2017",0,0,1,2,11,108
263,267,0,"17006-01-2017",0,0,1,11,15,108
254,287,1,"17006-02-2017",0,0,1,2,35,108
287,291,0,"17006-02-2017",0,0,1,35,39,108
254,284,1,"17006-03-2017",0,0,1,2,32,108
284,287,0,"17006-03-2017",0,0,1,32,35,108
254,281,1,"17006-04-2017",0,0,1,2,29,108
281,284,0,"17006-04-2017",0,0,1,29,32,108
254,272,1,"17006-05-2017",0,0,1,2,20,108
254,275,1,"17006-08-2017",0,0,1,2,23,108
275,285,0,"17006-08-2017",0,0,1,23,33,108
254,261,1,"17007-01-2017",0,0,1,2,9,109
261,263,0,"17007-01-2017",0,0,1,9,11,109
254,260,1,"17007-02-2017",0,0,1,2,8,109
260,261,0,"17007-02-2017",0,0,1,8,9,109
254,260,1,"17007-03-2017",0,0,1,2,8,109
254,260,1,"17007-04-2017",0,0,1,2,8,109
254,260,1,"17007-05-2017",0,0,1,2,8,109
263,268,1,"17010-01-2017",0,0,1,2,7,110
263,270,1,"17010-02-2017",0,0,1,2,9,110
270,278,0,"17010-02-2017",0,0,1,9,17,110
263,272,1,"17010-03-2017",0,0,1,2,11,110
263,341,1,"17010-04-2017",0,0,1,2,80,110
263,286,1,"17010-05-2017",0,0,1,2,25,110
263,286,1,"17010-08-2017",0,0,1,2,25,110
263,286,1,"17010-09-2017",0,0,1,2,25,110
263,326,1,"17010-10-2017",0,0,1,2,65,110
326,329,0,"17010-10-2017",0,0,1,65,68,110
276,278,1,"17011-01-2017",0,0,1,2,4,111
278,279,0,"17011-01-2017",0,0,1,4,5,111
276,343,1,"17011-02-2017",0,0,1,2,69,111
276,337,1,"17011-03-2017",0,0,1,2,63,111
276,316,1,"17011-04-2017",0,0,1,2,42,111
316,319,0,"17011-04-2017",0,0,1,42,45,111
276,297,1,"17011-06-2017",0,0,1,2,23,111
276,297,1,"17011-07-2017",0,0,1,2,23,111
276,297,1,"17011-08-2017",0,0,1,2,23,111
264,286,1,"17014-01-2017",0,0,1,2,24,112
286,288,0,"17014-01-2017",0,0,1,24,26,112
264,286,1,"17014-02-2017",0,0,1,2,24,112
286,288,0,"17014-02-2017",0,0,1,24,26,112
264,284,1,"17014-03-2017",0,0,1,2,22,112
264,286,1,"17014-04-2017",0,0,1,2,24,112
264,281,1,"17014-07-2017",0,0,1,2,19,112
264,281,1,"17014-08-2017",0,0,1,2,19,112
274,276,1,"17016-01-2017",0,0,1,2,4,113
276,277,0,"17016-01-2017",0,0,1,4,5,113
274,299,1,"17016-02-2017",0,0,1,2,27,113
299,302,0,"17016-02-2017",0,0,1,27,30,113
274,346,1,"17016-03-2017",0,0,1,2,74,113
274,294,1,"17016-05-2017",0,0,1,2,22,113
257,278,1,"17017-01-2017",0,0,1,2,23,114
278,285,0,"17017-01-2017",0,0,1,23,30,114
257,311,1,"17017-02-2017",0,0,1,2,56,114
311,317,0,"17017-02-2017",0,0,1,56,62,114
257,278,1,"17017-03-2017",0,0,1,2,23,114
278,285,0,"17017-03-2017",0,0,1,23,30,114
257,288,1,"17017-04-2017",0,0,1,2,33,114
288,291,0,"17017-04-2017",0,0,1,33,36,114
257,290,1,"17017-10-2017",0,0,1,2,35,114
257,290,1,"17017-12-2017",0,0,1,2,35,114
268,276,1,"17022-02-2017",0,0,1,4,12,115
268,305,1,"17022-03-2017",0,0,1,4,41,115
305,306,0,"17022-03-2017",0,0,1,41,42,115
268,326,1,"17022-04-2017",0,0,1,4,62,115
326,330,0,"17022-04-2017",0,0,1,62,66,115
289,294,1,"17022-05-2017",0,0,1,25,30,115
289,294,1,"17022-06-2017",0,0,1,25,30,115
289,294,1,"17022-07-2017",0,0,1,25,30,115
289,294,1,"17022-08-2017",0,0,1,25,30,115
255,256,1,"17023-01-2017",0,0,1,4,5,116
255,283,1,"17023-02-2017",0,0,1,4,32,116
283,286,0,"17023-02-2017",0,0,1,32,35,116
255,256,1,"17023-03-2017",0,0,1,4,5,116
255,256,1,"17023-04-2017",0,0,1,4,5,116
279,296,1,"17023-05-2017",0,0,1,28,45,116
265,301,1,"17024-01-2017",0,0,1,2,38,117
301,304,0,"17024-01-2017",0,0,1,38,41,117
265,274,1,"17024-02-2017",0,0,1,2,11,117
274,276,0,"17024-02-2017",0,0,1,11,13,117
265,274,1,"17024-03-2017",0,0,1,2,11,117
274,276,0,"17024-03-2017",0,0,1,11,13,117
265,328,1,"17024-04-2017",0,0,1,2,65,117
265,285,1,"17024-06-2017",0,0,1,2,22,117
265,290,1,"17024-08-2017",0,0,1,2,27,117
242,347,1,"17026-01-2017",0,0,1,2,107,118
242,327,1,"17026-02-2017",0,0,1,2,87,118
242,341,1,"17026-04-2017",0,0,1,2,101,118
242,259,1,"17026-05-2017",0,0,1,2,19,118
242,259,1,"17026-07-2017",0,0,1,2,19,118
242,259,1,"17026-08-2017",0,0,1,2,19,118
259,266,0,"17026-08-2017",0,0,1,19,26,118
248,256,1,"17027-01-2017",0,0,1,3,11,119
248,341,1,"17027-02-2017",0,0,1,3,96,119
248,341,1,"17027-03-2017",0,0,1,3,96,119
248,341,1,"17027-04-2017",0,0,1,3,96,119
248,262,1,"17027-05-2017",0,0,1,3,17,119
248,341,1,"17027-06-2017",0,0,1,3,96,119
248,284,1,"17027-08-2017",0,0,1,3,39,119
244,251,1,"17029-01-2017",0,0,1,3,10,120
251,253,0,"17029-01-2017",0,0,1,10,12,120
244,266,1,"17029-02-2017",0,0,1,3,25,120
266,270,0,"17029-02-2017",0,0,1,25,29,120
244,333,1,"17029-03-2017",0,0,1,3,92,120
244,253,1,"17029-04-2017",0,0,1,3,12,120
253,255,0,"17029-04-2017",0,0,1,12,14,120
244,308,1,"17029-05-2017",0,0,1,3,67,120
308,311,0,"17029-05-2017",0,0,1,67,70,120
244,291,1,"17029-07-2017",0,0,1,3,50,120
291,294,0,"17029-07-2017",0,0,1,50,53,120
244,266,1,"17029-09-2017",0,0,1,3,25,120
266,270,0,"17029-09-2017",0,0,1,25,29,120
244,265,1,"17029-10-2017",0,0,1,3,24,120
265,346,1,"17029-13-2017",0,0,1,24,105,120
273,325,1,"17030-01-2017",0,0,1,3,55,121
325,328,0,"17030-01-2017",0,0,1,55,58,121
273,346,1,"17030-02-2017",0,0,1,3,76,121
273,288,1,"17030-03-2017",0,0,1,3,18,121
273,274,1,"17030-04-2017",0,0,1,3,4,121
274,275,0,"17030-04-2017",0,0,1,4,5,121
273,296,1,"17030-05-2017",0,0,1,3,26,121
273,291,1,"17030-06-2017",0,0,1,3,21,121
246,265,1,"17031-01-2017",0,0,1,2,21,122
246,265,1,"17031-02-2017",0,0,1,2,21,122
246,261,1,"17031-03-2017",0,0,1,2,17,122
246,263,1,"17031-04-2017",0,0,1,2,19,122
246,278,1,"17031-05-2017",0,0,1,2,34,122
278,279,0,"17031-05-2017",0,0,1,34,35,122
246,288,1,"17031-06-2017",0,0,1,2,44,122
288,291,0,"17031-06-2017",0,0,1,44,47,122
263,265,1,"17032-02-2017",0,0,1,3,5,123
265,266,0,"17032-02-2017",0,0,1,5,6,123
263,265,1,"17032-03-2017",0,0,1,3,5,123
265,266,0,"17032-03-2017",0,0,1,5,6,123
263,265,1,"17032-04-2017",0,0,1,3,5,123
265,266,0,"17032-04-2017",0,0,1,5,6,123
273,289,1,"17034-01-2017",0,0,1,2,18,124
273,294,1,"17034-02-2017",0,0,1,2,23,124
273,294,1,"17034-03-2017",0,0,1,2,23,124
273,280,1,"17034-04-2017",0,0,1,2,9,124
280,283,0,"17034-04-2017",0,0,1,9,12,124
273,290,1,"17034-06-2017",0,0,1,2,19,124
273,290,1,"17034-07-2017",0,0,1,2,19,124
266,275,1,"17035-01-2017",0,0,1,1,10,125
266,275,1,"17035-02-2017",0,0,1,1,10,125
266,275,1,"17035-03-2017",0,0,1,1,10,125
246,291,1,"17038-01-2017",0,0,1,2,47,126
291,294,0,"17038-01-2017",0,0,1,47,50,126
246,306,1,"17038-02-2017",0,0,1,2,62,126
306,312,0,"17038-02-2017",0,0,1,62,68,126
246,247,1,"17038-03-2017",0,0,1,2,3,126
247,248,0,"17038-03-2017",0,0,1,3,4,126
246,334,1,"17038-04-2017",0,0,1,2,90,126
246,344,1,"17038-05-2017",0,0,1,2,100,126
246,268,1,"17038-06-2017",0,0,1,2,24,126
246,268,1,"17038-07-2017",0,0,1,2,24,126
246,268,1,"17038-08-2017",0,0,1,2,24,126
246,268,1,"17038-09-2017",0,0,1,2,24,126
246,268,1,"17038-10-2017",0,0,1,2,24,126
246,268,1,"17038-11-2017",0,0,1,2,24,126
245,254,1,"17040-01-2017",0,0,1,2,11,127
245,248,1,"17040-02-2017",0,0,1,2,5,127
245,344,1,"17040-03-2017",0,0,1,2,101,127
245,264,1,"17040-04-2017",0,0,1,2,21,127
245,344,1,"17040-05-2017",0,0,1,2,101,127
267,309,1,"17040-07-2017",0,0,1,24,66,127
271,297,1,"17040-08-2017",0,0,1,28,54,127
297,300,0,"17040-08-2017",0,0,1,54,57,127
249,257,1,"17041-01-2017",0,0,1,2,10,128
249,338,1,"17041-02-2017",0,0,1,2,91,128
249,338,1,"17041-03-2017",0,0,1,2,91,128
249,338,1,"17041-04-2017",0,0,1,2,91,128
249,261,1,"17041-05-2017",0,0,1,2,14,128
261,262,0,"17041-05-2017",0,0,1,14,15,128
249,338,1,"17041-06-2017",0,0,1,2,91,128
338,342,0,"17041-06-2017",0,0,1,91,95,128
249,267,1,"17041-07-2017",0,0,1,2,20,128
267,321,1,"17042-01-2017",0,0,1,2,56,129
321,335,0,"17042-01-2017",0,0,1,56,70,129
267,296,1,"17042-02-2017",0,0,1,2,31,129
267,347,1,"17042-03-2017",0,0,1,2,82,129
250,253,1,"17045-01-2017",0,0,1,2,5,130
253,254,0,"17045-01-2017",0,0,1,5,6,130
250,259,1,"17045-02-2017",0,0,1,2,11,130
259,261,0,"17045-02-2017",0,0,1,11,13,130
250,251,1,"17045-03-2017",0,0,1,2,3,130
251,272,0,"17045-03-2017",0,0,1,3,24,130
250,271,1,"17045-04-2017",0,0,1,2,23,130
271,298,0,"17045-04-2017",0,0,1,23,50,130
250,334,1,"17045-05-2017",0,0,1,2,86,130
334,340,0,"17045-05-2017",0,0,1,86,92,130
250,278,1,"17045-06-2017",0,0,1,2,30,130
250,346,1,"17045-08-2017",0,0,1,2,98,130
258,280,1,"17046-01-2017",0,0,1,2,24,131
280,283,0,"17046-01-2017",0,0,1,24,27,131
258,280,1,"17046-02-2017",0,0,1,2,24,131
258,275,1,"17046-03-2017",0,0,1,2,19,131
258,295,1,"17046-04-2017",0,0,1,2,39,131
271,280,1,"17047-01-2017",0,0,1,2,11,132
271,312,1,"17047-02-2017",0,0,1,2,43,132
271,284,1,"17047-03-2017",0,0,1,2,15,132
271,280,1,"17047-04-2017",0,0,1,2,11,132
257,274,1,"17048-01-2017",0,0,1,2,19,133
257,344,1,"17048-02-2017",0,0,1,2,89,133
257,288,1,"17048-03-2017",0,0,1,2,33,133
288,291,0,"17048-03-2017",0,0,1,33,36,133
257,263,1,"17048-04-2017",0,0,1,2,8,133
257,300,1,"17048-06-2017",0,0,1,2,45,133
245,265,1,"17050-01-2017",0,0,1,2,22,134
245,346,1,"17050-02-2017",0,0,1,2,103,134
245,346,1,"17050-03-2017",0,0,1,2,103,134
245,283,1,"17050-04-2017",0,0,1,2,40,134
283,299,0,"17050-04-2017",0,0,1,40,56,134
245,346,1,"17050-05-2017",0,0,1,2,103,134
264,267,1,"17051-01-2017",0,0,1,2,5,135
267,268,0,"17051-01-2017",0,0,1,5,6,135
264,267,1,"17051-02-2017",0,0,1,2,5,135
264,267,1,"17051-03-2017",0,0,1,2,5,135
264,267,1,"17051-04-2017",0,0,1,2,5,135
267,268,0,"17051-04-2017",0,0,1,5,6,135
259,346,1,"17053-01-2017",0,0,1,2,89,136
259,293,1,"17053-02-2017",0,0,1,2,36,136
293,296,0,"17053-02-2017",0,0,1,36,39,136
259,346,1,"17053-03-2017",0,0,1,2,89,136
259,273,1,"17053-04-2017",0,0,1,2,16,136
273,279,0,"17053-04-2017",0,0,1,16,22,136
278,290,1,"17053-05-2017",0,0,1,21,33,136
278,290,1,"17053-06-2017",0,0,1,21,33,136
246,322,1,"17054-01-2017",0,0,1,2,78,137
246,322,1,"17054-02-2017",0,0,1,2,78,137
246,322,1,"17054-03-2017",0,0,1,2,78,137
246,263,1,"17054-04-2017",0,0,1,2,19,137
263,267,0,"17054-04-2017",0,0,1,19,23,137
246,280,1,"17054-05-2017",0,0,1,2,36,137
280,283,0,"17054-05-2017",0,0,1,36,39,137
246,270,1,"17054-06-2017",0,0,1,2,26,137
246,270,1,"17054-09-2017",0,0,1,2,26,137
246,270,1,"17054-10-2017",0,0,1,2,26,137
263,265,1,"17055-01-2017",0,0,1,2,4,138
263,267,1,"17055-02-2017",0,0,1,2,6,138
263,280,1,"17055-03-2017",0,0,1,2,19,138
263,348,1,"17055-04-2017",0,0,1,2,87,138
263,303,1,"17055-05-2017",0,0,1,2,42,138
303,309,0,"17055-05-2017",0,0,1,42,48,138
263,282,1,"17055-07-2017",0,0,1,2,21,138
262,327,1,"17057-01-2017",0,0,1,3,68,139
262,341,1,"17057-02-2017",0,0,1,3,82,139
262,344,1,"17057-03-2017",0,0,1,3,85,139
262,277,1,"17057-04-2017",0,0,1,3,18,139
262,277,1,"17057-05-2017",0,0,1,3,18,139
253,259,1,"17059-01-2017",0,0,1,2,8,140
259,260,0,"17059-01-2017",0,0,1,8,9,140
253,255,1,"17059-02-2017",0,0,1,2,4,140
255,258,0,"17059-02-2017",0,0,1,4,7,140
253,259,1,"17059-03-2017",0,0,1,2,8,140
259,260,0,"17059-03-2017",0,0,1,8,9,140
253,259,1,"17059-04-2017",0,0,1,2,8,140
259,260,0,"17059-04-2017",0,0,1,8,9,140
253,259,1,"17059-05-2017",0,0,1,2,8,140
259,260,0,"17059-05-2017",0,0,1,8,9,140
